{
  "config": {
    "n_single": 10000,
    "n_batch": 10000,
    "batch_size": 1000,
    "test_rows_total": 209715
  },
  "per_base_learner": {
    "catboost": {
      "per_call_ms_for_1000_rows": {
        "p50_ms": 4.1814500000327826,
        "p90_ms": 12.441080028656872,
        "p95_ms": 15.83687501843086,
        "p99_ms": 21.57216496416368,
        "max_ms": 23.03129993379116,
        "mean_ms": 6.2145400132673485,
        "n": 30
      },
      "per_row_ms": {
        "p50_ms": 0.0041814500000327826,
        "p90_ms": 0.01244108002865687,
        "p95_ms": 0.01583687501843086,
        "p99_ms": 0.02157216496416368,
        "max_ms": 0.02303129993379116,
        "mean_ms": 0.006214540013267348,
        "n": 30
      }
    },
    "xgboost": {
      "per_call_ms_for_1000_rows": {
        "p50_ms": 8.587950025685132,
        "p90_ms": 33.859550033230335,
        "p95_ms": 34.74222997319884,
        "p99_ms": 35.52709994837642,
        "max_ms": 35.61119991354644,
        "mean_ms": 12.951903328454742,
        "n": 30
      },
      "per_row_ms": {
        "p50_ms": 0.008587950025685132,
        "p90_ms": 0.03385955003323034,
        "p95_ms": 0.03474222997319884,
        "p99_ms": 0.03552709994837642,
        "max_ms": 0.03561119991354644,
        "mean_ms": 0.012951903328454743,
        "n": 30
      }
    },
    "lightgbm": {
      "per_call_ms_for_1000_rows": {
        "p50_ms": 28.59254996292293,
        "p90_ms": 107.1525799925439,
        "p95_ms": 114.54051497858015,
        "p99_ms": 125.73913800995798,
        "max_ms": 128.4268000163138,
        "mean_ms": 52.42667999506617,
        "n": 30
      },
      "per_row_ms": {
        "p50_ms": 0.02859254996292293,
        "p90_ms": 0.1071525799925439,
        "p95_ms": 0.11454051497858014,
        "p99_ms": 0.12573913800995798,
        "max_ms": 0.1284268000163138,
        "mean_ms": 0.05242667999506618,
        "n": 30
      }
    }
  },
  "single_call_predict_one_ms": {
    "p50_ms": 12.433399970177561,
    "p90_ms": 32.80826999107376,
    "p95_ms": 37.434280046727494,
    "p99_ms": 80.39601002004942,
    "max_ms": 506.97530002798885,
    "mean_ms": 16.13020754934987,
    "n": 10000
  },
  "batch_predict_batch": {
    "per_call_ms_for_batch": {
      "p50_ms": 14.652799989562482,
      "p90_ms": 15.354439953807741,
      "p95_ms": 15.673669922398403,
      "p99_ms": 15.929053897270933,
      "max_ms": 15.992899890989065,
      "mean_ms": 14.589999977033585,
      "n": 10
    },
    "per_row_ms": {
      "p50_ms": 0.014652799989562482,
      "p90_ms": 0.01535443995380774,
      "p95_ms": 0.015673669922398402,
      "p99_ms": 0.015929053897270933,
      "max_ms": 0.015992899890989065,
      "mean_ms": 0.014589999977033585,
      "n": 10
    }
  },
  "headline": {
    "median_predict_one_ms": 12.433399970177561,
    "p99_predict_one_ms": 80.39601002004942,
    "median_batch_per_row_us": 14.652799989562482,
    "claude_opus_per_row_ms_phase5": 24225,
    "claude_haiku_per_row_ms_phase5": 12906,
    "speedup_vs_opus_at_p99": 301.32092368711693,
    "speedup_vs_haiku_at_p99": 160.53035463801575
  }
}