{
  "default_05": 0.5,
  "cost_optimal": 0.1121,
  "cost_at_05_dollars": 12228.2294921875,
  "cost_at_optimal_dollars": 1705.0299682617188,
  "cost_savings_dollars": 10523.199523925781
}